<!-- -*- mode: XML -*- -->
<launch>
  <arg name="racecar_version" />
  <arg name="sensors_config" default="$(find racecar)/config/$(arg racecar_version)/sensors.yaml" />
  <arg name="razor_config" default="$(find racecar)/config/$(arg racecar_version)/razor.yaml" />

  <rosparam file="$(arg sensors_config)" command="load" />

  <!-- laser -->
  <node pkg="urg_node" type="urg_node" name="laser_node" />
  <param name="_ip_address" type="string" value="192.168.0.10"/>

  <!-- imu -->
  <!--node pkg="razor_imu_9dof" type="imu_node.py" name="imu_node">
    <rosparam file="$(arg razor_config)" command="load"/>
  </node-->


</launch>
